Measurement,1,2,3
Value,38.906955,98.503275,142.95652,Ω
Date,2026-02-12
Time,14:03:18

Statistics,Average,Minimum,Maximum,Std Deviation
,93.455584,38.906955,142.95652,52.208118,Ω
